old_url,new_url,result,source
https://symteratech.com/,https://symteratech.com,same URL,old menu (2026)
https://symteratech.com/2017/04/11/seo-101-on-page-and-off-page-ranking-factors/,https://symteratech.com/services/seo,308 redirect,Internet Archive
https://symteratech.com/2018/05/24/5-best-free-seo-tools-for-small-businesses/,https://symteratech.com/services/seo,308 redirect,Internet Archive
https://symteratech.com/2019/05/12/how-to-google-my-business-optimization/,https://symteratech.com/services/seo,308 redirect,Internet Archive
https://symteratech.com/2019/06/20/seo-best-practice-5-seo-audit-must-haves/,https://symteratech.com/services/seo,308 redirect,Internet Archive
https://symteratech.com/2019/07/10/what-to-look-for-in-an-seo-consultant/,https://symteratech.com/services/seo,308 redirect,Internet Archive
https://symteratech.com/2019/08/28/best-practices-seo-syndicated-content/,https://symteratech.com/services/seo,308 redirect,Internet Archive
https://symteratech.com/2019/09/24/a-guide-to-google-seo-algorithm-updates/,https://symteratech.com/services/seo,308 redirect,Internet Archive
https://symteratech.com/2019/11/21/15-seo-best-practices-website-architecture/,https://symteratech.com/services/seo,308 redirect,Internet Archive
https://symteratech.com/2019/11/21/seo-best-practices-mobile-friendliness/,https://symteratech.com/services/seo,308 redirect,Internet Archive
https://symteratech.com/2021/07/13/when-its-time-for-a-business-to-change-old-tech-with-the-new-tech-of-business-it-solutions/,https://symteratech.com/services,308 redirect,Internet Archive
https://symteratech.com/2021/07/14/how-managed-it-solutions-can-leverage-my-business/,https://symteratech.com/services,308 redirect,Internet Archive
https://symteratech.com/about-company/,https://symteratech.com/about,308 redirect,Internet Archive
https://symteratech.com/about-us/,https://symteratech.com/about,308 redirect,old menu (2026)
https://symteratech.com/ai-services/,https://symteratech.com/ai,308 redirect,old menu (2026)
https://symteratech.com/app-development/,https://symteratech.com/services/software-development,308 redirect,Internet Archive
https://symteratech.com/assets-management-system/,https://symteratech.com/products/assets-management-system,308 redirect,old menu (2026)
https://symteratech.com/author/master/,,404 (no equivalent),Internet Archive
https://symteratech.com/author/sym_tera/,,404 (no equivalent),Internet Archive
https://symteratech.com/blog/,,404 (no equivalent),Internet Archive
https://symteratech.com/blog-grid/,,404 (no equivalent),Internet Archive
https://symteratech.com/board-of-advisory/,https://symteratech.com/about/leadership,308 redirect,Internet Archive
https://symteratech.com/career/,https://symteratech.com/contact,308 redirect,Internet Archive
https://symteratech.com/careers/,https://symteratech.com/contact,308 redirect,Internet Archive
https://symteratech.com/cart/,https://symteratech.com/contact,308 redirect,Internet Archive
https://symteratech.com/category/agency/,,404 (no equivalent),Internet Archive
https://symteratech.com/category/business/,,404 (no equivalent),Internet Archive
https://symteratech.com/category/business-it-solution-2/,,404 (no equivalent),Internet Archive
https://symteratech.com/category/marketing/,,404 (no equivalent),Internet Archive
https://symteratech.com/category/seo/,,404 (no equivalent),Internet Archive
https://symteratech.com/certifications/,https://symteratech.com/about/certifications,308 redirect,old menu (2026)
https://symteratech.com/checkout/,https://symteratech.com/contact,308 redirect,Internet Archive
https://symteratech.com/choose-right-business-server-dell-hp-lenovo/,https://symteratech.com/services/it-infrastructure,308 redirect,Internet Archive
https://symteratech.com/cloud-computing/,https://symteratech.com/services/cloud-services,308 redirect,Internet Archive
https://symteratech.com/cloud-email/,https://symteratech.com/cloud/enterprise-email-solutions,308 redirect,Internet Archive
https://symteratech.com/cloud-enterprise-server/,https://symteratech.com/cloud/cloud-enterprise-server,308 redirect,old menu (2026)
https://symteratech.com/cloud-services/,https://symteratech.com/services/cloud-services,308 redirect,old menu (2026)
https://symteratech.com/coming-soon/,,404 (no equivalent),Internet Archive
https://symteratech.com/contacts/,https://symteratech.com/contact,308 redirect,old menu (2026)
https://symteratech.com/content-marketing/,https://symteratech.com/services/seo,308 redirect,Internet Archive
https://symteratech.com/cybersecurity/,https://symteratech.com/partners#network-security,308 redirect,Internet Archive
https://symteratech.com/dv-vs-ov-vs-ev-ssl-certificates-comparison/,https://symteratech.com/partners#ssl-compliance,308 redirect,Internet Archive
https://symteratech.com/e-commerce-development/,https://symteratech.com/services/e-commerce-development,308 redirect,old menu (2026)
https://symteratech.com/elements/,,404 (no equivalent),Internet Archive
https://symteratech.com/enterprise-email-solutions/,https://symteratech.com/cloud/enterprise-email-solutions,308 redirect,old menu (2026)
https://symteratech.com/faqs/,,404 (no equivalent),Internet Archive
https://symteratech.com/favicon.ico/,https://symteratech.com/favicon.ico,308 redirect,Internet Archive
https://symteratech.com/gina-bruno/,,404 (no equivalent),Internet Archive
https://symteratech.com/it-infrastructure/,https://symteratech.com/services/it-infrastructure,308 redirect,old menu (2026)
https://symteratech.com/it-infrastructure-blog/,https://symteratech.com/services/it-infrastructure,308 redirect,Internet Archive
https://symteratech.com/it-services/,https://symteratech.com/services,308 redirect,Google index
https://symteratech.com/it-services/web-development/,https://symteratech.com/services/software-development,308 redirect,Internet Archive
https://symteratech.com/job-category/accountant/,https://symteratech.com/contact,308 redirect,Internet Archive
https://symteratech.com/job-category/business-developer/,https://symteratech.com/contact,308 redirect,Internet Archive
https://symteratech.com/job-category/developer/,https://symteratech.com/contact,308 redirect,Internet Archive
https://symteratech.com/job-category/flutter-developer/,https://symteratech.com/contact,308 redirect,Internet Archive
https://symteratech.com/job-category/laravel-developer/,https://symteratech.com/contact,308 redirect,Internet Archive
https://symteratech.com/job-category/python-developer/,https://symteratech.com/contact,308 redirect,Internet Archive
https://symteratech.com/job-category/quality-assurance-qa-engineer/,https://symteratech.com/contact,308 redirect,Internet Archive
https://symteratech.com/job-category/sales-marketing/,https://symteratech.com/contact,308 redirect,Internet Archive
https://symteratech.com/job-location/johar-town-lahore/,https://symteratech.com/contact,308 redirect,Internet Archive
https://symteratech.com/job-management-system/,https://symteratech.com/products/job-management-system,308 redirect,old menu (2026)
https://symteratech.com/job-openings/,https://symteratech.com/contact,308 redirect,Internet Archive
https://symteratech.com/job-type/full-time/,https://symteratech.com/contact,308 redirect,Internet Archive
https://symteratech.com/jobs/,https://symteratech.com/contact,308 redirect,Internet Archive
https://symteratech.com/jobs/accountant/,https://symteratech.com/contact,308 redirect,Internet Archive
https://symteratech.com/jobs/digital-marketing-manager/,https://symteratech.com/contact,308 redirect,Internet Archive
https://symteratech.com/jobs/flutter-developer/,https://symteratech.com/contact,308 redirect,Internet Archive
https://symteratech.com/jobs/junior-laravel-developer/,https://symteratech.com/contact,308 redirect,Internet Archive
https://symteratech.com/jobs/marketing-analyst/,https://symteratech.com/contact,308 redirect,Internet Archive
https://symteratech.com/jobs/python-ai-ml-developer/,https://symteratech.com/contact,308 redirect,Internet Archive
https://symteratech.com/jobs/sales-executive/,https://symteratech.com/contact,308 redirect,Internet Archive
https://symteratech.com/linux-hosting/,https://symteratech.com/cloud/linux-hosting,308 redirect,old menu (2026)
https://symteratech.com/management-team/,https://symteratech.com/about/leadership,308 redirect,old menu (2026)
https://symteratech.com/my-account/,https://symteratech.com/contact,308 redirect,Internet Archive
https://symteratech.com/networking/,https://symteratech.com/services/it-infrastructure,308 redirect,Internet Archive
https://symteratech.com/on-premises-vs-cloud-migration-benefits/,https://symteratech.com/services/cloud-services,308 redirect,Internet Archive
https://symteratech.com/ot_footer_builders/,,404 (no equivalent),Internet Archive
https://symteratech.com/ot_footer_builders/footer-v1/,,404 (no equivalent),Internet Archive
https://symteratech.com/ot_footer_builders/footer-v2/,,404 (no equivalent),Internet Archive
https://symteratech.com/ot_footer_builders/footer-v2-2/,,404 (no equivalent),Internet Archive
https://symteratech.com/ot_footer_builders/footer-v2-3/,,404 (no equivalent),Internet Archive
https://symteratech.com/ot_footer_builders/footer-v3/,,404 (no equivalent),Internet Archive
https://symteratech.com/ot_footer_builders/footer-v3-2/,,404 (no equivalent),Internet Archive
https://symteratech.com/our-affiliations/,https://symteratech.com/about/affiliations,308 redirect,old menu (2026)
https://symteratech.com/our-client/,https://symteratech.com/clients,308 redirect,old menu (2026)
https://symteratech.com/our-partners/,https://symteratech.com/partners,308 redirect,old menu (2026)
https://symteratech.com/our-partners/compliance-partners/,https://symteratech.com/partners#ssl-compliance,308 redirect,old menu (2026)
https://symteratech.com/our-partners/compliance-partners/digicert-ssl-certificates/,https://symteratech.com/partners#ssl-compliance,308 redirect,old menu (2026)
https://symteratech.com/our-partners/compliance-partners/geo-trust-ssl-certificates/,https://symteratech.com/partners#ssl-compliance,308 redirect,old menu (2026)
https://symteratech.com/our-partners/compliance-partners/sectigo-ssl-certificates/,https://symteratech.com/partners#ssl-compliance,308 redirect,old menu (2026)
https://symteratech.com/our-partners/compliance-partners/ssl-com-ssl-certificates/,https://symteratech.com/partners#ssl-compliance,308 redirect,old menu (2026)
https://symteratech.com/our-partners/compliance-partners/thawte-ssl-certificates/,https://symteratech.com/partners#ssl-compliance,308 redirect,old menu (2026)
https://symteratech.com/our-partners/end-point-security/,https://symteratech.com/partners#endpoint-security,308 redirect,old menu (2026)
https://symteratech.com/our-partners/end-point-security/bitdefender/,https://symteratech.com/partners#endpoint-security,308 redirect,old menu (2026)
https://symteratech.com/our-partners/end-point-security/kaspersky/,https://symteratech.com/partners#endpoint-security,308 redirect,old menu (2026)
https://symteratech.com/our-partners/godaddy-ssl-certificates/,https://symteratech.com/partners#ssl-compliance,308 redirect,old menu (2026)
https://symteratech.com/our-partners/network-security/,https://symteratech.com/partners#network-security,308 redirect,old menu (2026)
https://symteratech.com/our-partners/network-security/barracuda/,https://symteratech.com/partners#network-security,308 redirect,old menu (2026)
https://symteratech.com/our-partners/network-security/fortinet/,https://symteratech.com/partners#network-security,308 redirect,old menu (2026)
https://symteratech.com/our-partners/network-security/safeutm/,https://symteratech.com/partners#network-security,308 redirect,old menu (2026)
https://symteratech.com/our-partners/network-security/sangfor/,https://symteratech.com/partners#network-security,308 redirect,old menu (2026)
https://symteratech.com/our-partners/network-security/sonicwall/,https://symteratech.com/partners#network-security,308 redirect,old menu (2026)
https://symteratech.com/our-partners/network-security/sophos/,https://symteratech.com/partners#network-security,308 redirect,old menu (2026)
https://symteratech.com/our-partners/other-brand-partners/,https://symteratech.com/partners#infrastructure-cloud,308 redirect,old menu (2026)
https://symteratech.com/our-partners/other-brand-partners/amazon-web-services/,https://symteratech.com/partners#infrastructure-cloud,308 redirect,old menu (2026)
https://symteratech.com/our-partners/other-brand-partners/cisco/,https://symteratech.com/partners#infrastructure-cloud,308 redirect,old menu (2026)
https://symteratech.com/our-partners/other-brand-partners/cpanel/,https://symteratech.com/partners#collaboration-management,308 redirect,old menu (2026)
https://symteratech.com/our-partners/other-brand-partners/d-link/,https://symteratech.com/partners#infrastructure-cloud,308 redirect,old menu (2026)
https://symteratech.com/our-partners/other-brand-partners/dell/,https://symteratech.com/partners#infrastructure-cloud,308 redirect,old menu (2026)
https://symteratech.com/our-partners/other-brand-partners/grandstream/,https://symteratech.com/partners#collaboration-management,308 redirect,old menu (2026)
https://symteratech.com/our-partners/other-brand-partners/hikvision/,https://symteratech.com/partners#collaboration-management,308 redirect,old menu (2026)
https://symteratech.com/our-partners/other-brand-partners/hp/,https://symteratech.com/partners#infrastructure-cloud,308 redirect,old menu (2026)
https://symteratech.com/our-partners/other-brand-partners/huawei/,https://symteratech.com/partners#infrastructure-cloud,308 redirect,old menu (2026)
https://symteratech.com/our-partners/other-brand-partners/lenovo/,https://symteratech.com/partners#infrastructure-cloud,308 redirect,old menu (2026)
https://symteratech.com/our-partners/other-brand-partners/microsoft/,https://symteratech.com/partners#infrastructure-cloud,308 redirect,old menu (2026)
https://symteratech.com/our-partners/other-brand-partners/ubiquiti/,https://symteratech.com/partners#collaboration-management,308 redirect,old menu (2026)
https://symteratech.com/our-partners/other-brand-partners/veeam/,https://symteratech.com/partners#collaboration-management,308 redirect,old menu (2026)
https://symteratech.com/our-process/,,404 (no equivalent),Internet Archive
https://symteratech.com/parousia/,https://symteratech.com/products,308 redirect,Internet Archive
https://symteratech.com/patient-management-system/,https://symteratech.com/products/patient-management-system,308 redirect,old menu (2026)
https://symteratech.com/pay-per-click/,https://symteratech.com/services/seo,308 redirect,Internet Archive
https://symteratech.com/portfolio/,https://symteratech.com/clients,308 redirect,Internet Archive
https://symteratech.com/portfolio-cat/development/,https://symteratech.com/clients,308 redirect,Internet Archive
https://symteratech.com/portfolio-cat/marketing/,https://symteratech.com/clients,308 redirect,Internet Archive
https://symteratech.com/portfolio-cat/media/,https://symteratech.com/clients,308 redirect,Internet Archive
https://symteratech.com/portfolio-cat/optimization/,https://symteratech.com/clients,308 redirect,Internet Archive
https://symteratech.com/portfolio-grid/,https://symteratech.com/clients,308 redirect,Internet Archive
https://symteratech.com/portfolio-grid-2/,https://symteratech.com/clients,308 redirect,Internet Archive
https://symteratech.com/portfolio-masonry/,https://symteratech.com/clients,308 redirect,Internet Archive
https://symteratech.com/portfolio-tag/marketing/,https://symteratech.com/clients,308 redirect,Internet Archive
https://symteratech.com/portfolio-tag/seo/,https://symteratech.com/clients,308 redirect,Internet Archive
https://symteratech.com/portfolio/analysis-of-security/,https://symteratech.com/clients,308 redirect,Internet Archive
https://symteratech.com/portfolio/app-for-health/,https://symteratech.com/clients,308 redirect,Internet Archive
https://symteratech.com/portfolio/basics-project/,https://symteratech.com/clients,308 redirect,Internet Archive
https://symteratech.com/portfolio/brochures-design/,https://symteratech.com/clients,308 redirect,Internet Archive
https://symteratech.com/portfolio/car-wrap/,https://symteratech.com/clients,308 redirect,Internet Archive
https://symteratech.com/portfolio/catalog/,https://symteratech.com/clients,308 redirect,Internet Archive
https://symteratech.com/portfolio/cereal-project/,https://symteratech.com/clients,308 redirect,Internet Archive
https://symteratech.com/portfolio/crypto-app-project/,https://symteratech.com/clients,308 redirect,Internet Archive
https://symteratech.com/portfolio/flyer/,https://symteratech.com/clients,308 redirect,Internet Archive
https://symteratech.com/portfolio/immersive-experience/,https://symteratech.com/clients,308 redirect,Internet Archive
https://symteratech.com/portfolio/logo-design/,https://symteratech.com/clients,308 redirect,Internet Archive
https://symteratech.com/portfolio/new-soft-for-watch/,https://symteratech.com/clients,308 redirect,Internet Archive
https://symteratech.com/portfolio/responsive-design/,https://symteratech.com/clients,308 redirect,Internet Archive
https://symteratech.com/portfolio/smm-project/,https://symteratech.com/clients,308 redirect,Internet Archive
https://symteratech.com/portfolio/social-media-app/,https://symteratech.com/clients,308 redirect,Internet Archive
https://symteratech.com/portfolio/ux-design-for-tubus/,https://symteratech.com/clients,308 redirect,Internet Archive
https://symteratech.com/portfolio/your-new-reality/,https://symteratech.com/clients,308 redirect,Internet Archive
https://symteratech.com/professional-team/,https://symteratech.com/about/leadership,308 redirect,Internet Archive
https://symteratech.com/protect-business-from-ransomware-guide/,https://symteratech.com/partners#endpoint-security,308 redirect,Internet Archive
https://symteratech.com/registrations/,https://symteratech.com/about/certifications,308 redirect,Internet Archive
https://symteratech.com/sample-page/,,404 (no equivalent),Internet Archive
https://symteratech.com/scatter/,,404 (no equivalent),Internet Archive
https://symteratech.com/sd-wan-vs-mpls-comparison-guide/,https://symteratech.com/services/it-infrastructure,308 redirect,Internet Archive
https://symteratech.com/seo/,https://symteratech.com/services/seo,308 redirect,old menu (2026)
https://symteratech.com/services/,https://symteratech.com/services,same URL,old menu (2026)
https://symteratech.com/shared-hosting/,https://symteratech.com/cloud/shared-hosting-plus,308 redirect,Internet Archive
https://symteratech.com/shared-hosting-with-enterprise-email/,https://symteratech.com/cloud/shared-hosting-plus,308 redirect,old menu (2026)
https://symteratech.com/shop/,https://symteratech.com/contact,308 redirect,Internet Archive
https://symteratech.com/social-media/,https://symteratech.com/services/social-media,308 redirect,old menu (2026)
https://symteratech.com/software-development/,https://symteratech.com/services/software-development,308 redirect,old menu (2026)
https://symteratech.com/solutions/,https://symteratech.com/solutions,same URL,old menu (2026)
https://symteratech.com/ssl-compliance/,https://symteratech.com/partners#ssl-compliance,308 redirect,Internet Archive
https://symteratech.com/symscan/,https://symteratech.com/products/symscan,308 redirect,old menu (2026)
https://symteratech.com/tag/business/,,404 (no equivalent),Internet Archive
https://symteratech.com/tag/business-it-solutions/,,404 (no equivalent),Internet Archive
https://symteratech.com/tag/custom-it-solutions/,,404 (no equivalent),Internet Archive
https://symteratech.com/tag/dynamics-it-solution/,,404 (no equivalent),Internet Archive
https://symteratech.com/tag/it-networking-solutions/,,404 (no equivalent),Internet Archive
https://symteratech.com/tag/it-service-provider/,,404 (no equivalent),Internet Archive
https://symteratech.com/tag/it-service-provider-company/,,404 (no equivalent),Internet Archive
https://symteratech.com/tag/it-services/,,404 (no equivalent),Internet Archive
https://symteratech.com/tag/it-solutions-company/,,404 (no equivalent),Internet Archive
https://symteratech.com/tag/managed-it-services/,,404 (no equivalent),Internet Archive
https://symteratech.com/tag/marketing/,,404 (no equivalent),Internet Archive
https://symteratech.com/tag/professional-it-services/,,404 (no equivalent),Internet Archive
https://symteratech.com/tag/seo/,,404 (no equivalent),Internet Archive
https://symteratech.com/tag/smm/,,404 (no equivalent),Internet Archive
https://symteratech.com/tag/solution/,,404 (no equivalent),Internet Archive
https://symteratech.com/tag/startup/,,404 (no equivalent),Internet Archive
https://symteratech.com/tag/strategy/,,404 (no equivalent),Internet Archive
https://symteratech.com/tag/tips/,,404 (no equivalent),Internet Archive
https://symteratech.com/typography/,,404 (no equivalent),Internet Archive
https://symteratech.com/webmail/,https://webmail.symteratech.com/,308 to mail host,Internet Archive
https://symteratech.com/window-hosting/,https://symteratech.com/cloud/windows-hosting,308 redirect,old menu (2026)
